German,English,DateAdded,DateObj
Muskel,Muscle,6 octo 2025 : Monday 1:03 AM Night (Night),2025-10-06 01:03:51
Nase,Nose,6 octo 2025 : Monday 1:03 AM Night (Night),2025-10-06 01:03:51
Kaffee,Coffee,6 octo 2025 : Monday 1:03 AM Night (Night),2025-10-06 01:03:51
Tee,Tea,6 octo 2025 : Monday 1:03 AM Night (Night),2025-10-06 01:03:51
Advent,Advent,6 octo 2025 : Monday 1:03 AM Night (Night),2025-10-06 01:03:51
Dekoration,Decoration,6 octo 2025 : Monday 1:03 AM Night (Night),2025-10-06 01:03:51
Kostüm,Costume,6 octo 2025 : Monday 1:03 AM Night (Night),2025-10-06 01:03:51
Karneval,Carnival,6 octo 2025 : Monday 1:03 AM Night (Night),2025-10-06 01:03:51
Nikolaus,Nicholas,6 octo 2025 : Monday 1:03 AM Night (Night),2025-10-06 01:03:51
Bikini,Bikini,6 octo 2025 : Monday 1:03 AM Night (Night),2025-10-06 01:03:51
Bluse,Blouse,6 octo 2025 : Monday 1:03 AM Night (Night),2025-10-06 01:03:51
Hut,Hat,6 octo 2025 : Monday 1:03 AM Night (Night),2025-10-06 01:03:51
Jacke,Jacket,6 octo 2025 : Monday 1:03 AM Night (Night),2025-10-06 01:03:51
Socke,Sock,6 octo 2025 : Monday 1:03 AM Night (Night),2025-10-06 01:03:51
Socken,Socks,6 octo 2025 : Monday 1:03 AM Night (Night),2025-10-06 01:03:51
Tshirt,Tshirt,6 octo 2025 : Monday 1:03 AM Night (Night),2025-10-06 01:03:51
Architekt,Architect,6 octo 2025 : Monday 1:03 AM Night (Night),2025-10-06 01:03:51
Architektur,Architecture,6 octo 2025 : Monday 1:03 AM Night (Night),2025-10-06 01:03:51
Ästhetik,Aesthetics,6 octo 2025 : Monday 1:03 AM Night (Night),2025-10-06 01:03:51
Ballett,Ballet,6 octo 2025 : Monday 1:03 AM Night (Night),2025-10-06 01:03:51
Einfluss,Influence,6 octo 2025 : Monday 1:03 AM Night (Night),2025-10-06 01:03:51
Galerie,Gallery,6 octo 2025 : Monday 1:03 AM Night (Night),2025-10-06 01:03:51
Impressionismus,Impressionism,6 octo 2025 : Monday 1:03 AM Night (Night),2025-10-06 01:03:51
Innovativ,Innovative,6 octo 2025 : Monday 1:03 AM Night (Night),2025-10-06 01:03:51
Inspiration,Inspiration,6 octo 2025 : Monday 1:03 AM Night (Night),2025-10-06 01:03:51
Interpretieren,Interpret,6 octo 2025 : Monday 1:03 AM Night (Night),2025-10-06 01:03:51
Kreativität,Creativity,6 octo 2025 : Monday 1:03 AM Night (Night),2025-10-06 01:03:51
Kultur,Culture,6 octo 2025 : Monday 1:03 AM Night (Night),2025-10-06 01:03:51
Literatur,Literature,6 octo 2025 : Monday 1:03 AM Night (Night),2025-10-06 01:03:51
Moderne,Modernity,6 octo 2025 : Monday 1:03 AM Night (Night),2025-10-06 01:03:51
Museum,Museum,6 octo 2025 : Monday 1:03 AM Night (Night),2025-10-06 01:03:51
Oper,Opera,6 octo 2025 : Monday 1:03 AM Night (Night),2025-10-06 01:03:51
Orchester,Orchestra,6 octo 2025 : Monday 1:03 AM Night (Night),2025-10-06 01:03:51
Skulptur,Sculpture,6 octo 2025 : Monday 1:03 AM Night (Night),2025-10-06 01:03:51
Symphonie,Symphony,6 octo 2025 : Monday 1:03 AM Night (Night),2025-10-06 01:03:51
Theater,Theatre,6 octo 2025 : Monday 1:03 AM Night (Night),2025-10-06 01:03:51
Tradition,Tradition,6 octo 2025 : Monday 1:03 AM Night (Night),2025-10-06 01:03:51
Allergie,Allergy,6 octo 2025 : Monday 1:03 AM Night (Night),2025-10-06 01:03:51
Diagnose,Diagnosis,6 octo 2025 : Monday 1:14 AM Night (Night),2025-10-06 01:14:03
Fieber,Fever,6 octo 2025 : Monday 1:14 AM Night (Night),2025-10-06 01:14:03
Infektion,Infection,6 octo 2025 : Monday 1:14 AM Night (Night),2025-10-06 01:14:03
Symptome,Symptoms,6 octo 2025 : Monday 1:14 AM Night (Night),2025-10-06 01:14:03
Bank,Bank,6 octo 2025 : Monday 1:18 AM Night (Night),2025-10-06 01:18:00
Bankkarte,Bankcard,6 octo 2025 : Monday 1:18 AM Night (Night),2025-10-06 01:18:00
Onlinebanking,Onlinebanking,6 octo 2025 : Monday 1:26 AM Night (Night),2025-10-06 01:26:53
Passwort,Password,6 octo 2025 : Monday 1:31 AM Night (Night),2025-10-06 01:31:01
Geste,Gesture,6 octo 2025 : Monday 1:31 AM Night (Night),2025-10-06 01:31:01
Budget,Budget,6 octo 2025 : Monday 1:31 AM Night (Night),2025-10-06 01:31:01
Marketing,Marketing,6 octo 2025 : Monday 1:31 AM Night (Night),2025-10-06 01:31:01
Präsentation,Presentation,6 octo 2025 : Monday 1:31 AM Night (Night),2025-10-06 01:31:01
Projekt,Project,6 octo 2025 : Monday 1:31 AM Night (Night),2025-10-06 01:31:01
Team,Team,6 octo 2025 : Monday 1:31 AM Night (Night),2025-10-06 01:31:01
Airbag,Airbag,6 octo 2025 : Monday 1:42 AM Night (Night),2025-10-06 01:42:29
Drama,Drama,6 octo 2025 : Monday 1:42 AM Night (Night),2025-10-06 01:42:29
Genre,Genre,6 octo 2025 : Monday 1:42 AM Night (Night),2025-10-06 01:42:29
Horrorfilm,Horror,6 octo 2025 : Monday 1:42 AM Night (Night),2025-10-06 01:42:29
Kamera,Camera,6 octo 2025 : Monday 1:42 AM Night (Night),2025-10-06 01:42:29
Komödie,Comedy,6 octo 2025 : Monday 1:42 AM Night (Night),2025-10-06 01:42:29
Popcorn,Popcorn,6 octo 2025 : Monday 1:42 AM Night (Night),2025-10-06 01:42:29
Premiere,Premiere,6 octo 2025 : Monday 1:42 AM Night (Night),2025-10-06 01:42:29
Soundtrack,Soundtrack,6 octo 2025 : Monday 1:42 AM Night (Night),2025-10-06 01:42:29
Szene,Scene,6 octo 2025 : Monday 1:42 AM Night (Night),2025-10-06 01:42:29
Titel,Title,6 octo 2025 : Monday 1:42 AM Night (Night),2025-10-06 01:42:29
Trailer,Trailer,6 octo 2025 : Monday 1:42 AM Night (Night),2025-10-06 01:42:29
Backen,Bake,6 octo 2025 : Monday 1:45 AM Night (Night),2025-10-06 01:45:16
Butter,Butter,6 octo 2025 : Monday 1:45 AM Night (Night),2025-10-06 01:45:16
Öl,Oil,6 octo 2025 : Monday 1:45 AM Night (Night),2025-10-06 01:45:16
Salz,Salt,6 octo 2025 : Monday 1:45 AM Night (Night),2025-10-06 01:45:16
Sieb,Sieve,6 octo 2025 : Monday 1:45 AM Night (Night),2025-10-06 01:45:16
Blau,Blue,6 octo 2025 : Monday 1:48 AM Night (Night),2025-10-06 01:48:55
Braun,Brown,6 octo 2025 : Monday 1:48 AM Night (Night),2025-10-06 01:48:55
Golden,Golden,6 octo 2025 : Monday 1:48 AM Night (Night),2025-10-06 01:48:55
Grau,Gray,6 octo 2025 : Monday 1:48 AM Night (Night),2025-10-06 01:48:55
Orange,Orange,6 octo 2025 : Monday 1:48 AM Night (Night),2025-10-06 01:48:55
Pink,Pink,6 octo 2025 : Monday 1:48 AM Night (Night),2025-10-06 01:48:55
Violett,Violet,6 octo 2025 : Monday 1:48 AM Night (Night),2025-10-06 01:48:55
Hobby,Hobby,6 octo 2025 : Monday 1:56 AM Night (Night),2025-10-06 01:56:00
Test,Test,6 octo 2025 : Monday 1:56 AM Night (Night),2025-10-06 01:56:00
Universität,University,6 octo 2025 : Monday 1:56 AM Night (Night),2025-10-06 01:56:00
Blut,Blood,6 octo 2025 : Monday 1:56 AM Night (Night),2025-10-06 01:56:00
Helfen,Helf,6 octo 2025 : Monday 1:56 AM Night (Night),2025-10-06 01:56:00
Help,Polizei,6 octo 2025 : Monday 1:56 AM Night (Night),2025-10-06 01:56:00
Police,Polizei,6 octo 2025 : Monday 1:56 AM Night (Night),2025-10-06 01:56:00
Problem,Problem,6 octo 2025 : Monday 1:56 AM Night (Night),2025-10-06 01:56:00
Anger,Ärger,6 octo 2025 : Monday 1:56 AM Night (Night),2025-10-06 01:56:00
Frustrated,Frustriert,6 octo 2025 : Monday 1:56 AM Night (Night),2025-10-06 01:56:00
Ozonloch,Ozonehole,6 octo 2025 : Monday 1:56 AM Night (Night),2025-10-06 01:56:00
Recycling,Recycling,6 octo 2025 : Monday 1:56 AM Night (Night),2025-10-06 01:56:00
Ressource,Resource,6 octo 2025 : Monday 1:56 AM Night (Night),2025-10-06 01:56:00
Familie,Family,6 octo 2025 : Monday 2:07 AM Night (Night),2025-10-06 02:07:13
Vater,Father,6 octo 2025 : Monday 2:07 AM Night (Night),2025-10-06 02:07:13
Mutter,Mother,6 octo 2025 : Monday 2:07 AM Night (Night),2025-10-06 02:07:13
Bruder,Brother,6 octo 2025 : Monday 2:07 AM Night (Night),2025-10-06 02:07:13
Schwester,Sister,6 octo 2025 : Monday 2:07 AM Night (Night),2025-10-06 02:07:13
Sohn,Son,6 octo 2025 : Monday 2:07 AM Night (Night),2025-10-06 02:07:13
Onkel,Uncle,6 octo 2025 : Monday 2:07 AM Night (Night),2025-10-06 02:07:13
Neffe,Nephew,6 octo 2025 : Monday 2:07 AM Night (Night),2025-10-06 02:07:13
Broker,Broker,6 octo 2025 : Monday 2:12 AM Night (Night),2025-10-06 02:12:33
Bullenmarkt,Bull,6 octo 2025 : Monday 2:12 AM Night (Night),2025-10-06 02:12:33
Dividende,Dividend,6 octo 2025 : Monday 2:12 AM Night (Night),2025-10-06 02:12:33
Inflation,Inflation,6 octo 2025 : Monday 2:12 AM Night (Night),2025-10-06 02:12:33
Kapital,Capital,6 octo 2025 : Monday 2:12 AM Night (Night),2025-10-06 02:12:33
Kredit,Credit,6 octo 2025 : Monday 2:12 AM Night (Night),2025-10-06 02:12:33
Liquidität,Liquidity,6 octo 2025 : Monday 2:12 AM Night (Night),2025-10-06 02:12:33
Risiko,Risk,6 octo 2025 : Monday 2:12 AM Night (Night),2025-10-06 02:12:33
Spekulation,Speculation,6 octo 2025 : Monday 2:12 AM Night (Night),2025-10-06 02:12:33
Apfel,Apple,6 octo 2025 : Monday 2:12 AM Night (Night),2025-10-06 02:12:33
Banane,Banana,6 octo 2025 : Monday 2:12 AM Night (Night),2025-10-06 02:12:33
Milch,Milk,6 octo 2025 : Monday 2:12 AM Night (Night),2025-10-06 02:12:33
Suppe,Soup,6 octo 2025 : Monday 2:12 AM Night (Night),2025-10-06 02:12:33
Fisch,Fish,6 octo 2025 : Monday 2:12 AM Night (Night),2025-10-06 02:12:33
Reis,Rice,6 octo 2025 : Monday 2:12 AM Night (Night),2025-10-06 02:12:33
Nudeln,Noodles,6 octo 2025 : Monday 2:12 AM Night (Night),2025-10-06 02:12:33
Ei,Egg,6 octo 2025 : Monday 2:12 AM Night (Night),2025-10-06 02:12:33
Alternative,Alternative,6 octo 2025 : Monday 1:30 PM Afternoon (Day),2025-10-06 13:30:33
Argument,Argument,6 octo 2025 : Monday 1:30 PM Afternoon (Day),2025-10-06 13:30:33
Arm,Arm,6 octo 2025 : Monday 1:30 PM Afternoon (Day),2025-10-06 13:30:33
Atom,Atom,6 octo 2025 : Monday 1:30 PM Afternoon (Day),2025-10-06 13:30:33
Baby,Baby,6 octo 2025 : Monday 1:30 PM Afternoon (Day),2025-10-06 13:30:33
Ball,Ball,6 octo 2025 : Monday 1:30 PM Afternoon (Day),2025-10-06 13:30:33
Band,Band,6 octo 2025 : Monday 1:30 PM Afternoon (Day),2025-10-06 13:30:33
Bar,Bar,6 octo 2025 : Monday 1:30 PM Afternoon (Day),2025-10-06 13:30:33
Basis,Basis,6 octo 2025 : Monday 1:30 PM Afternoon (Day),2025-10-06 13:30:33
Block,Block,6 octo 2025 : Monday 1:30 PM Afternoon (Day),2025-10-06 13:30:33
Bus,Bus,6 octo 2025 : Monday 1:30 PM Afternoon (Day),2025-10-06 13:30:33
Business,Business,6 octo 2025 : Monday 1:30 PM Afternoon (Day),2025-10-06 13:30:33
Center,Center,6 octo 2025 : Monday 1:30 PM Afternoon (Day),2025-10-06 13:30:33
Champion,Champion,6 octo 2025 : Monday 1:30 PM Afternoon (Day),2025-10-06 13:30:33
Chance,Chance,6 octo 2025 : Monday 1:30 PM Afternoon (Day),2025-10-06 13:30:33
Chaos,Chaos,6 octo 2025 : Monday 1:30 PM Afternoon (Day),2025-10-06 13:30:33
Chip,Chip,6 octo 2025 : Monday 1:30 PM Afternoon (Day),2025-10-06 13:30:33
Club,Club,6 octo 2025 : Monday 1:30 PM Afternoon (Day),2025-10-06 13:30:33
Computer,Computer,6 octo 2025 : Monday 1:30 PM Afternoon (Day),2025-10-06 13:30:33
Definition,Definition,6 octo 2025 : Monday 1:30 PM Afternoon (Day),2025-10-06 13:30:33
Design,Design,6 octo 2025 : Monday 1:30 PM Afternoon (Day),2025-10-06 13:30:33
Detail,Detail,6 octo 2025 : Monday 1:30 PM Afternoon (Day),2025-10-06 13:30:33
Dimension,Dimension,6 octo 2025 : Monday 1:30 PM Afternoon (Day),2025-10-06 13:30:33
Dollar,Dollar,6 octo 2025 : Monday 1:30 PM Afternoon (Day),2025-10-06 13:30:33
Element,Element,6 octo 2025 : Monday 1:30 PM Afternoon (Day),2025-10-06 13:30:33
Ensemble,Ensemble,6 octo 2025 : Monday 1:30 PM Afternoon (Day),2025-10-06 13:30:33
Euro,Euro,6 octo 2025 : Monday 1:30 PM Afternoon (Day),2025-10-06 13:30:33
Experiment,Experiment,6 octo 2025 : Monday 1:30 PM Afternoon (Day),2025-10-06 13:30:33
Fall,Fall,6 octo 2025 : Monday 1:30 PM Afternoon (Day),2025-10-06 13:30:33
Fan,Fan,6 octo 2025 : Monday 1:30 PM Afternoon (Day),2025-10-06 13:30:33
Festival,Festival,6 octo 2025 : Monday 1:30 PM Afternoon (Day),2025-10-06 13:30:33
Film,Film,6 octo 2025 : Monday 1:30 PM Afternoon (Day),2025-10-06 13:30:33
Finger,Finger,6 octo 2025 : Monday 1:30 PM Afternoon (Day),2025-10-06 13:30:33
Form,Form,6 octo 2025 : Monday 1:30 PM Afternoon (Day),2025-10-06 13:30:33
Format,Format,6 octo 2025 : Monday 1:30 PM Afternoon (Day),2025-10-06 13:30:33
Forum,Forum,6 octo 2025 : Monday 1:30 PM Afternoon (Day),2025-10-06 13:30:33
Front,Front,6 octo 2025 : Monday 1:30 PM Afternoon (Day),2025-10-06 13:30:33
Fusion,Fusion,6 octo 2025 : Monday 1:30 PM Afternoon (Day),2025-10-06 13:30:33
Gas,Gas,6 octo 2025 : Monday 1:30 PM Afternoon (Day),2025-10-06 13:30:33
General,General,6 octo 2025 : Monday 1:30 PM Afternoon (Day),2025-10-06 13:30:33
Generation,Generation,6 octo 2025 : Monday 1:30 PM Afternoon (Day),2025-10-06 13:30:33
Gold,Gold,6 octo 2025 : Monday 1:30 PM Afternoon (Day),2025-10-06 13:30:33
Hand,Hand,6 octo 2025 : Monday 1:30 PM Afternoon (Day),2025-10-06 13:30:33
Hotel,Hotel,6 octo 2025 : Monday 1:30 PM Afternoon (Day),2025-10-06 13:30:33
Hunger,Hunger,6 octo 2025 : Monday 1:30 PM Afternoon (Day),2025-10-06 13:30:33
Information,Information,6 octo 2025 : Monday 1:30 PM Afternoon (Day),2025-10-06 13:30:33
Institution,Institution,6 octo 2025 : Monday 1:30 PM Afternoon (Day),2025-10-06 13:30:33
Instrument,Instrument,6 octo 2025 : Monday 1:30 PM Afternoon (Day),2025-10-06 13:30:33
Integration,Integration,6 octo 2025 : Monday 1:30 PM Afternoon (Day),2025-10-06 13:30:33
Internet,Internet,6 octo 2025 : Monday 1:30 PM Afternoon (Day),2025-10-06 13:30:33
Interpretation,Interpretation,6 octo 2025 : Monday 1:30 PM Afternoon (Day),2025-10-06 13:30:33
Interview,Interview,6 octo 2025 : Monday 1:30 PM Afternoon (Day),2025-10-06 13:30:33
Investor,Investor,6 octo 2025 : Monday 1:30 PM Afternoon (Day),2025-10-06 13:30:33
Job,Job,6 octo 2025 : Monday 1:30 PM Afternoon (Day),2025-10-06 13:30:33
Journalist,Journalist,6 octo 2025 : Monday 1:30 PM Afternoon (Day),2025-10-06 13:30:33
Kilometer,Kilometer,6 octo 2025 : Monday 1:30 PM Afternoon (Day),2025-10-06 13:30:33
Land,Land,6 octo 2025 : Monday 1:30 PM Afternoon (Day),2025-10-06 13:30:33
Liter,Liter,6 octo 2025 : Monday 1:30 PM Afternoon (Day),2025-10-06 13:30:33
Management,Management,6 octo 2025 : Monday 1:30 PM Afternoon (Day),2025-10-06 13:30:33
Manager,Manager,6 octo 2025 : Monday 1:30 PM Afternoon (Day),2025-10-06 13:30:33
Material,Material,6 octo 2025 : Monday 1:30 PM Afternoon (Day),2025-10-06 13:30:33
Medium,Medium,6 octo 2025 : Monday 1:30 PM Afternoon (Day),2025-10-06 13:30:33
Meter,Meter,6 octo 2025 : Monday 1:30 PM Afternoon (Day),2025-10-06 13:30:33
Millimeter,Millimeter,6 octo 2025 : Monday 1:30 PM Afternoon (Day),2025-10-06 13:30:33
Minister,Minister,6 octo 2025 : Monday 1:30 PM Afternoon (Day),2025-10-06 13:30:33
Minute,Minute,6 octo 2025 : Monday 1:30 PM Afternoon (Day),2025-10-06 13:30:33
Mission,Mission,6 octo 2025 : Monday 1:30 PM Afternoon (Day),2025-10-06 13:30:33
Mister,Mister,6 octo 2025 : Monday 1:30 PM Afternoon (Day),2025-10-06 13:30:33
Moment,Moment,6 octo 2025 : Monday 1:30 PM Afternoon (Day),2025-10-06 13:30:33
Motivation,Motivation,6 octo 2025 : Monday 1:30 PM Afternoon (Day),2025-10-06 13:30:33
Motor,Motor,6 octo 2025 : Monday 1:30 PM Afternoon (Day),2025-10-06 13:30:33
Motto,Motto,6 octo 2025 : Monday 1:30 PM Afternoon (Day),2025-10-06 13:30:33
Name,Name,6 octo 2025 : Monday 1:30 PM Afternoon (Day),2025-10-06 13:30:33
Nation,Nation,6 octo 2025 : Monday 1:30 PM Afternoon (Day),2025-10-06 13:30:33
Norm,Norm,6 octo 2025 : Monday 1:30 PM Afternoon (Day),2025-10-06 13:30:33
Note,Note,6 octo 2025 : Monday 1:30 PM Afternoon (Day),2025-10-06 13:30:33
Operation,Operation,6 octo 2025 : Monday 1:30 PM Afternoon (Day),2025-10-06 13:30:33
Opposition,Opposition,6 octo 2025 : Monday 1:30 PM Afternoon (Day),2025-10-06 13:30:33
Option,Option,6 octo 2025 : Monday 1:30 PM Afternoon (Day),2025-10-06 13:30:33
Organ,Organ,6 octo 2025 : Monday 1:30 PM Afternoon (Day),2025-10-06 13:30:33
Park,Park,6 octo 2025 : Monday 1:30 PM Afternoon (Day),2025-10-06 13:30:33
Partner,Partner,6 octo 2025 : Monday 1:30 PM Afternoon (Day),2025-10-06 13:30:33
Party,Party,6 octo 2025 : Monday 1:30 PM Afternoon (Day),2025-10-06 13:30:33
Patient,Patient,6 octo 2025 : Monday 1:30 PM Afternoon (Day),2025-10-06 13:30:33
Pause,Pause,6 octo 2025 : Monday 1:30 PM Afternoon (Day),2025-10-06 13:30:33
Person,Person,6 octo 2025 : Monday 1:30 PM Afternoon (Day),2025-10-06 13:30:33
Phase,Phase,6 octo 2025 : Monday 1:30 PM Afternoon (Day),2025-10-06 13:30:33
Pilot,Pilot,6 octo 2025 : Monday 1:30 PM Afternoon (Day),2025-10-06 13:30:33
Plan,Plan,6 octo 2025 : Monday 1:30 PM Afternoon (Day),2025-10-06 13:30:33
Planet,Planet,6 octo 2025 : Monday 1:30 PM Afternoon (Day),2025-10-06 13:30:33
Position,Position,6 octo 2025 : Monday 1:30 PM Afternoon (Day),2025-10-06 13:30:33
Professor,Professor,6 octo 2025 : Monday 1:30 PM Afternoon (Day),2025-10-06 13:30:33
Protein,Protein,6 octo 2025 : Monday 1:30 PM Afternoon (Day),2025-10-06 13:30:33
Protest,Protest,6 octo 2025 : Monday 1:30 PM Afternoon (Day),2025-10-06 13:30:33
Radio,Radio,6 octo 2025 : Monday 1:33 PM Afternoon (Day),2025-10-06 13:33:08
Reform,Reform,6 octo 2025 : Monday 1:33 PM Afternoon (Day),2025-10-06 13:33:08
Regime,Regime,6 octo 2025 : Monday 1:33 PM Afternoon (Day),2025-10-06 13:33:08
Region,Region,6 octo 2025 : Monday 1:33 PM Afternoon (Day),2025-10-06 13:33:08
Relation,Relation,6 octo 2025 : Monday 1:33 PM Afternoon (Day),2025-10-06 13:33:08
Religion,Religion,6 octo 2025 : Monday 1:33 PM Afternoon (Day),2025-10-06 13:33:08
Rest,Rest,6 octo 2025 : Monday 1:33 PM Afternoon (Day),2025-10-06 13:33:08
Restaurant,Restaurant,6 octo 2025 : Monday 1:33 PM Afternoon (Day),2025-10-06 13:33:08
Revolution,Revolution,6 octo 2025 : Monday 1:33 PM Afternoon (Day),2025-10-06 13:33:08
Ring,Ring,6 octo 2025 : Monday 1:33 PM Afternoon (Day),2025-10-06 13:33:08
Rose,Rose,6 octo 2025 : Monday 1:33 PM Afternoon (Day),2025-10-06 13:33:08
Sack,Sack,6 octo 2025 : Monday 1:33 PM Afternoon (Day),2025-10-06 13:33:08
Salon,Salon,6 octo 2025 : Monday 1:33 PM Afternoon (Day),2025-10-06 13:33:08
Sand,Sand,6 octo 2025 : Monday 1:33 PM Afternoon (Day),2025-10-06 13:33:08
Semester,Semester,6 octo 2025 : Monday 1:33 PM Afternoon (Day),2025-10-06 13:33:08
Seminar,Seminar,6 octo 2025 : Monday 1:33 PM Afternoon (Day),2025-10-06 13:33:08
Service,Service,6 octo 2025 : Monday 1:33 PM Afternoon (Day),2025-10-06 13:33:08
Show,Show,6 octo 2025 : Monday 1:33 PM Afternoon (Day),2025-10-06 13:33:08
Signal,Signal,6 octo 2025 : Monday 1:33 PM Afternoon (Day),2025-10-06 13:33:08
Situation,Situation,6 octo 2025 : Monday 1:33 PM Afternoon (Day),2025-10-06 13:33:08
Sport,Sport,6 octo 2025 : Monday 1:33 PM Afternoon (Day),2025-10-06 13:33:08
Stand,Stand,6 octo 2025 : Monday 1:33 PM Afternoon (Day),2025-10-06 13:33:08
Standard,Standard,6 octo 2025 : Monday 1:33 PM Afternoon (Day),2025-10-06 13:33:08
Start,Start,6 octo 2025 : Monday 1:33 PM Afternoon (Day),2025-10-06 13:33:08
Station,Station,6 octo 2025 : Monday 1:33 PM Afternoon (Day),2025-10-06 13:33:08
Status,Status,6 octo 2025 : Monday 1:33 PM Afternoon (Day),2025-10-06 13:33:08
Stress,Stress,6 octo 2025 : Monday 1:33 PM Afternoon (Day),2025-10-06 13:33:08
Student,Student,6 octo 2025 : Monday 1:33 PM Afternoon (Day),2025-10-06 13:33:08
Symbol,Symbol,6 octo 2025 : Monday 1:33 PM Afternoon (Day),2025-10-06 13:33:08
Symptom,Symptom,6 octo 2025 : Monday 1:33 PM Afternoon (Day),2025-10-06 13:33:08
System,System,6 octo 2025 : Monday 1:33 PM Afternoon (Day),2025-10-06 13:33:08
Talent,Talent,6 octo 2025 : Monday 1:33 PM Afternoon (Day),2025-10-06 13:33:08
Taxi,Taxi,6 octo 2025 : Monday 1:33 PM Afternoon (Day),2025-10-06 13:33:08
Terror,Terror,6 octo 2025 : Monday 1:33 PM Afternoon (Day),2025-10-06 13:33:08
Terrorist,Terrorist,6 octo 2025 : Monday 1:33 PM Afternoon (Day),2025-10-06 13:33:08
Text,Text,6 octo 2025 : Monday 1:33 PM Afternoon (Day),2025-10-06 13:33:08
Ticket,Ticket,6 octo 2025 : Monday 1:33 PM Afternoon (Day),2025-10-06 13:33:08
Top,Top,6 octo 2025 : Monday 1:33 PM Afternoon (Day),2025-10-06 13:33:08
Tour,Tour,6 octo 2025 : Monday 1:33 PM Afternoon (Day),2025-10-06 13:33:08
Tourist,Tourist,6 octo 2025 : Monday 1:33 PM Afternoon (Day),2025-10-06 13:33:08
Training,Training,6 octo 2025 : Monday 1:33 PM Afternoon (Day),2025-10-06 13:33:08
Trend,Trend,6 octo 2025 : Monday 1:33 PM Afternoon (Day),2025-10-06 13:33:08
Tunnel,Tunnel,6 octo 2025 : Monday 1:33 PM Afternoon (Day),2025-10-06 13:33:08
Uniform,Uniform,6 octo 2025 : Monday 1:33 PM Afternoon (Day),2025-10-06 13:33:08
Union,Union,6 octo 2025 : Monday 1:33 PM Afternoon (Day),2025-10-06 13:33:08
Version,Version,6 octo 2025 : Monday 1:33 PM Afternoon (Day),2025-10-06 13:33:08
Video,Video,6 octo 2025 : Monday 1:33 PM Afternoon (Day),2025-10-06 13:33:08
Villa,Villa,6 octo 2025 : Monday 1:33 PM Afternoon (Day),2025-10-06 13:33:08
Virus,Virus,6 octo 2025 : Monday 1:33 PM Afternoon (Day),2025-10-06 13:33:08
Vitamin,Vitamin,6 octo 2025 : Monday 1:33 PM Afternoon (Day),2025-10-06 13:33:08
Wind,Wind,6 octo 2025 : Monday 1:33 PM Afternoon (Day),2025-10-06 13:33:08
Winter,Winter,6 octo 2025 : Monday 1:33 PM Afternoon (Day),2025-10-06 13:33:08
Zone,Zone,6 octo 2025 : Monday 1:33 PM Afternoon (Day),2025-10-06 13:33:08
Akademie,Academy,6 octo 2025 : Monday 1:42 PM Afternoon (Day),2025-10-06 13:42:22
Akt,Act,6 octo 2025 : Monday 1:42 PM Afternoon (Day),2025-10-06 13:42:22
Aktion,Action,6 octo 2025 : Monday 1:42 PM Afternoon (Day),2025-10-06 13:42:22
Aktivität,Activity,6 octo 2025 : Monday 1:42 PM Afternoon (Day),2025-10-06 13:42:22
Adresse,Address,6 octo 2025 : Monday 1:42 PM Afternoon (Day),2025-10-06 13:42:22
Alkohol,Alcohol,6 octo 2025 : Monday 1:42 PM Afternoon (Day),2025-10-06 13:42:22
Allianz,Alliance,6 octo 2025 : Monday 1:42 PM Afternoon (Day),2025-10-06 13:42:22
Analyse,Analysis,6 octo 2025 : Monday 1:42 PM Afternoon (Day),2025-10-06 13:42:22
Engel,Angel,6 octo 2025 : Monday 1:42 PM Afternoon (Day),2025-10-06 13:42:22
Antibiotikum,Antibiotic,6 octo 2025 : Monday 1:42 PM Afternoon (Day),2025-10-06 13:42:22
Armee,Army,6 octo 2025 : Monday 1:42 PM Afternoon (Day),2025-10-06 13:42:22
Artikel,Article,6 octo 2025 : Monday 1:42 PM Afternoon (Day),2025-10-06 13:42:22
Aspekt,Aspect,6 octo 2025 : Monday 1:42 PM Afternoon (Day),2025-10-06 13:42:22
Assistent,Assistant,6 octo 2025 : Monday 1:42 PM Afternoon (Day),2025-10-06 13:42:22
Atmosphäre,Atmosphere,6 octo 2025 : Monday 1:42 PM Afternoon (Day),2025-10-06 13:42:22
Autor,Author,6 octo 2025 : Monday 1:42 PM Afternoon (Day),2025-10-06 13:42:22
Bakterie,Bacterium,6 octo 2025 : Monday 1:42 PM Afternoon (Day),2025-10-06 13:42:22
Batterie,Battery,6 octo 2025 : Monday 1:42 PM Afternoon (Day),2025-10-06 13:42:22
Bett,Bed,6 octo 2025 : Monday 1:42 PM Afternoon (Day),2025-10-06 13:42:22
Bibel,Bible,6 octo 2025 : Monday 1:42 PM Afternoon (Day),2025-10-06 13:42:22
Biologie,Biology,6 octo 2025 : Monday 1:42 PM Afternoon (Day),2025-10-06 13:42:22
Bord,Board,6 octo 2025 : Monday 1:42 PM Afternoon (Day),2025-10-06 13:42:22
Bombe,Bomb,6 octo 2025 : Monday 1:42 PM Afternoon (Day),2025-10-06 13:42:22
Kanal,Canal,6 octo 2025 : Monday 1:42 PM Afternoon (Day),2025-10-06 13:42:22
Kandidat,Candidate,6 octo 2025 : Monday 1:42 PM Afternoon (Day),2025-10-06 13:42:22
Kassette,Cassette,6 octo 2025 : Monday 1:42 PM Afternoon (Day),2025-10-06 13:42:22
Katalog,Catalogue,6 octo 2025 : Monday 1:42 PM Afternoon (Day),2025-10-06 13:42:22
Katastrophe,Catastrophe,6 octo 2025 : Monday 1:42 PM Afternoon (Day),2025-10-06 13:42:22
Kategorie,Category,6 octo 2025 : Monday 1:42 PM Afternoon (Day),2025-10-06 13:42:22
Zentimeter,Centimeter,6 octo 2025 : Monday 1:42 PM Afternoon (Day),2025-10-06 13:42:22
Charakter,Character,6 octo 2025 : Monday 1:42 PM Afternoon (Day),2025-10-06 13:42:22
Chor,Choir,6 octo 2025 : Monday 1:42 PM Afternoon (Day),2025-10-06 13:42:22
Zigarette,Cigarette,6 octo 2025 : Monday 1:42 PM Afternoon (Day),2025-10-06 13:42:22
Klasse,Class,6 octo 2025 : Monday 1:42 PM Afternoon (Day),2025-10-06 13:42:22
Klinik,Clinic,6 octo 2025 : Monday 1:42 PM Afternoon (Day),2025-10-06 13:42:22
Koalition,Coalition,6 octo 2025 : Monday 1:42 PM Afternoon (Day),2025-10-06 13:42:22
Kombination,Combination,6 octo 2025 : Monday 1:42 PM Afternoon (Day),2025-10-06 13:42:22
Kommission,Commission,6 octo 2025 : Monday 1:42 PM Afternoon (Day),2025-10-06 13:42:22
Kommunikation,Communication,6 octo 2025 : Monday 1:42 PM Afternoon (Day),2025-10-06 13:42:22
Kompetenz,Competence,6 octo 2025 : Monday 1:42 PM Afternoon (Day),2025-10-06 13:42:22
Komponente,Component,6 octo 2025 : Monday 1:42 PM Afternoon (Day),2025-10-06 13:42:22
Konzentration,Concentration,6 octo 2025 : Monday 1:42 PM Afternoon (Day),2025-10-06 13:42:22
Konzeption,Conception,6 octo 2025 : Monday 1:42 PM Afternoon (Day),2025-10-06 13:42:22
Konzert,Concert,6 octo 2025 : Monday 1:42 PM Afternoon (Day),2025-10-06 13:42:22
Konferenz,Conference,6 octo 2025 : Monday 1:42 PM Afternoon (Day),2025-10-06 13:42:22
Konflikt,Conflict,6 octo 2025 : Monday 1:42 PM Afternoon (Day),2025-10-06 13:42:22
Kongress,Congress,6 octo 2025 : Monday 1:42 PM Afternoon (Day),2025-10-06 13:42:22
Konsequenz,Consequence,6 octo 2025 : Monday 1:42 PM Afternoon (Day),2025-10-06 13:42:22
Konstruktion,Construction,6 octo 2025 : Monday 1:42 PM Afternoon (Day),2025-10-06 13:42:22
Kontakt,Contact,6 octo 2025 : Monday 1:42 PM Afternoon (Day),2025-10-06 13:42:22
Kontext,Context,6 octo 2025 : Monday 1:42 PM Afternoon (Day),2025-10-06 13:42:22
Kontinent,Continent,6 octo 2025 : Monday 1:42 PM Afternoon (Day),2025-10-06 13:42:22
Kooperation,Cooperation,6 octo 2025 : Monday 1:42 PM Afternoon (Day),2025-10-06 13:42:22
Kurve,Curve,6 octo 2025 : Monday 1:42 PM Afternoon (Day),2025-10-06 13:42:22
Debatte,Debate,6 octo 2025 : Monday 1:42 PM Afternoon (Day),2025-10-06 13:42:22
Defizit,Deficit,6 octo 2025 : Monday 1:42 PM Afternoon (Day),2025-10-06 13:42:22
Demokratie,Democracy,6 octo 2025 : Monday 1:42 PM Afternoon (Day),2025-10-06 13:42:22
Dialekt,Dialect,6 octo 2025 : Monday 1:42 PM Afternoon (Day),2025-10-06 13:42:22
Dialog,Dialogue,6 octo 2025 : Monday 1:42 PM Afternoon (Day),2025-10-06 13:42:22
Differenz,Difference,6 octo 2025 : Monday 1:42 PM Afternoon (Day),2025-10-06 13:42:22
Diplom,Diploma,6 octo 2025 : Monday 1:42 PM Afternoon (Day),2025-10-06 13:42:22
Direktor,Director,6 octo 2025 : Monday 1:42 PM Afternoon (Day),2025-10-06 13:42:22
Disziplin,Discipline,6 octo 2025 : Monday 1:42 PM Afternoon (Day),2025-10-06 13:42:22
Diskussion,Discussion,6 octo 2025 : Monday 1:42 PM Afternoon (Day),2025-10-06 13:42:22
Distanz,Distance,6 octo 2025 : Monday 1:42 PM Afternoon (Day),2025-10-06 13:42:22
Doktor,Doctor,6 octo 2025 : Monday 1:42 PM Afternoon (Day),2025-10-06 13:42:22
Dokument,Document,6 octo 2025 : Monday 1:42 PM Afternoon (Day),2025-10-06 13:42:22
Effekt,Effect,6 octo 2025 : Monday 1:42 PM Afternoon (Day),2025-10-06 13:42:22
Elektron,Electron,6 octo 2025 : Monday 1:42 PM Afternoon (Day),2025-10-06 13:42:22
Ende,End,6 octo 2025 : Monday 1:42 PM Afternoon (Day),2025-10-06 13:42:22
Energie,Energy,6 octo 2025 : Monday 1:42 PM Afternoon (Day),2025-10-06 13:42:22
Epoche,Epoch,6 octo 2025 : Monday 1:42 PM Afternoon (Day),2025-10-06 13:42:22
Existenz,Existence,6 octo 2025 : Monday 1:42 PM Afternoon (Day),2025-10-06 13:42:22
Experte,Expert,6 octo 2025 : Monday 1:42 PM Afternoon (Day),2025-10-06 13:42:22
Faktor,Factor,6 octo 2025 : Monday 1:42 PM Afternoon (Day),2025-10-06 13:42:22
Fakultät,Faculty,6 octo 2025 : Monday 1:42 PM Afternoon (Day),2025-10-06 13:42:22
Phantasie,Fantasy,6 octo 2025 : Monday 1:42 PM Afternoon (Day),2025-10-06 13:42:22
Figur,Figure,6 octo 2025 : Monday 1:42 PM Afternoon (Day),2025-10-06 13:42:22
Frequenz,Frequency,6 octo 2025 : Monday 1:42 PM Afternoon (Day),2025-10-06 13:42:22
Freund,Friend,6 octo 2025 : Monday 1:42 PM Afternoon (Day),2025-10-06 13:42:22
Funktion,Function,6 octo 2025 : Monday 1:42 PM Afternoon (Day),2025-10-06 13:42:22
Garten,Garden,6 octo 2025 : Monday 1:42 PM Afternoon (Day),2025-10-06 13:42:22
Geographie,Geography,6 octo 2025 : Monday 1:42 PM Afternoon (Day),2025-10-06 13:42:22
Glas,Glass,6 octo 2025 : Monday 1:42 PM Afternoon (Day),2025-10-06 13:42:22
Gramm,Gram,6 octo 2025 : Monday 1:42 PM Afternoon (Day),2025-10-06 13:42:22
Gras,Grass,6 octo 2025 : Monday 1:42 PM Afternoon (Day),2025-10-06 13:42:22
Horizont,Horizon,6 octo 2025 : Monday 1:42 PM Afternoon (Day),2025-10-06 13:42:22
Haus,House,6 octo 2025 : Monday 1:42 PM Afternoon (Day),2025-10-06 13:42:22
Substanz,Substance,6 octo 2025 : Monday 1:45 PM Afternoon (Day),2025-10-06 13:45:05
Sommer,Summer,6 octo 2025 : Monday 1:45 PM Afternoon (Day),2025-10-06 13:45:05
Tablette,Tablet,6 octo 2025 : Monday 1:45 PM Afternoon (Day),2025-10-06 13:45:05
Technik,Technique,6 octo 2025 : Monday 1:45 PM Afternoon (Day),2025-10-06 13:45:05
Technologie,Technology,6 octo 2025 : Monday 1:45 PM Afternoon (Day),2025-10-06 13:45:05
Telefon,Telephone,6 octo 2025 : Monday 1:45 PM Afternoon (Day),2025-10-06 13:45:05
Temperatur,Temperature,6 octo 2025 : Monday 1:45 PM Afternoon (Day),2025-10-06 13:45:05
Terrorismus,Terrorism,6 octo 2025 : Monday 1:45 PM Afternoon (Day),2025-10-06 13:45:05
Theorie,Theory,6 octo 2025 : Monday 1:45 PM Afternoon (Day),2025-10-06 13:45:05
Therapeut,Therapist,6 octo 2025 : Monday 1:45 PM Afternoon (Day),2025-10-06 13:45:05
Therapie,Therapy,6 octo 2025 : Monday 1:45 PM Afternoon (Day),2025-10-06 13:45:05
Tipp,Tip,6 octo 2025 : Monday 1:45 PM Afternoon (Day),2025-10-06 13:45:05
Tourismus,Tourism,6 octo 2025 : Monday 1:45 PM Afternoon (Day),2025-10-06 13:45:05
Universum,Universe,6 octo 2025 : Monday 1:45 PM Afternoon (Day),2025-10-06 13:45:05
Variante,Variant,6 octo 2025 : Monday 1:45 PM Afternoon (Day),2025-10-06 13:45:05
Volumen,Volume,6 octo 2025 : Monday 1:45 PM Afternoon (Day),2025-10-06 13:45:05
Wille,Will,6 octo 2025 : Monday 1:45 PM Afternoon (Day),2025-10-06 13:45:05
Werk,Work,6 octo 2025 : Monday 1:45 PM Afternoon (Day),2025-10-06 13:45:05
Phänomen,Phenomenon,6 octo 2025 : Monday 1:46 PM Afternoon (Day),2025-10-06 13:46:03
Philosoph,Philosopher,6 octo 2025 : Monday 1:46 PM Afternoon (Day),2025-10-06 13:46:03
Philosophie,Philosophy,6 octo 2025 : Monday 1:46 PM Afternoon (Day),2025-10-06 13:46:03
Fotografie,Photography,6 octo 2025 : Monday 1:46 PM Afternoon (Day),2025-10-06 13:46:03
Physik,Physics,6 octo 2025 : Monday 1:46 PM Afternoon (Day),2025-10-06 13:46:03
Pistole,Pistol,6 octo 2025 : Monday 1:46 PM Afternoon (Day),2025-10-06 13:46:03
Platte,Plate,6 octo 2025 : Monday 1:46 PM Afternoon (Day),2025-10-06 13:46:03
Plattform,Platform,6 octo 2025 : Monday 1:46 PM Afternoon (Day),2025-10-06 13:46:03
Polizei,Police,6 octo 2025 : Monday 1:46 PM Afternoon (Day),2025-10-06 13:46:03
Politik,Politics,6 octo 2025 : Monday 1:46 PM Afternoon (Day),2025-10-06 13:46:03
Posten,Post,6 octo 2025 : Monday 1:46 PM Afternoon (Day),2025-10-06 13:46:03
Potenzial,Potential,6 octo 2025 : Monday 1:46 PM Afternoon (Day),2025-10-06 13:46:03
Präsident,President,6 octo 2025 : Monday 1:46 PM Afternoon (Day),2025-10-06 13:46:03
Presse,Press,6 octo 2025 : Monday 1:46 PM Afternoon (Day),2025-10-06 13:46:03
Prozess,Process,6 octo 2025 : Monday 1:46 PM Afternoon (Day),2025-10-06 13:46:03
Produkt,Product,6 octo 2025 : Monday 1:46 PM Afternoon (Day),2025-10-06 13:46:03
Produktion,Production,6 octo 2025 : Monday 1:46 PM Afternoon (Day),2025-10-06 13:46:03
Profil,Profile,6 octo 2025 : Monday 1:46 PM Afternoon (Day),2025-10-06 13:46:03
Prognose,Prognosis,6 octo 2025 : Monday 1:46 PM Afternoon (Day),2025-10-06 13:46:03
Programm,Program,6 octo 2025 : Monday 1:46 PM Afternoon (Day),2025-10-06 13:46:03
Provinz,Province,6 octo 2025 : Monday 1:46 PM Afternoon (Day),2025-10-06 13:46:03
Publikum,Public,6 octo 2025 : Monday 1:46 PM Afternoon (Day),2025-10-06 13:46:03
Qualifikation,Qualification,6 octo 2025 : Monday 1:46 PM Afternoon (Day),2025-10-06 13:46:03
Qualität,Quality,6 octo 2025 : Monday 1:46 PM Afternoon (Day),2025-10-06 13:46:03
Reaktion,Reaction,6 octo 2025 : Monday 1:46 PM Afternoon (Day),2025-10-06 13:46:03
Realität,Reality,6 octo 2025 : Monday 1:46 PM Afternoon (Day),2025-10-06 13:46:03
Rezession,Recession,6 octo 2025 : Monday 1:46 PM Afternoon (Day),2025-10-06 13:46:03
Reflexion,Reflection,6 octo 2025 : Monday 1:46 PM Afternoon (Day),2025-10-06 13:46:03
Republik,Republic,6 octo 2025 : Monday 1:46 PM Afternoon (Day),2025-10-06 13:46:03
Respekt,Respect,6 octo 2025 : Monday 1:46 PM Afternoon (Day),2025-10-06 13:46:03
Resultat,Result,6 octo 2025 : Monday 1:46 PM Afternoon (Day),2025-10-06 13:46:03
Skandal,Scandal,6 octo 2025 : Monday 1:46 PM Afternoon (Day),2025-10-06 13:46:03
Sektor,Sector,6 octo 2025 : Monday 1:46 PM Afternoon (Day),2025-10-06 13:46:03
Senat,Senate,6 octo 2025 : Monday 1:46 PM Afternoon (Day),2025-10-06 13:46:03
Serie,Series,6 octo 2025 : Monday 1:46 PM Afternoon (Day),2025-10-06 13:46:03
Soldat,Soldier,6 octo 2025 : Monday 1:46 PM Afternoon (Day),2025-10-06 13:46:03
Solidarität,Solidarity,6 octo 2025 : Monday 1:46 PM Afternoon (Day),2025-10-06 13:46:03
Spezialist,Specialist,6 octo 2025 : Monday 1:46 PM Afternoon (Day),2025-10-06 13:46:03
Spektrum,Spectrum,6 octo 2025 : Monday 1:46 PM Afternoon (Day),2025-10-06 13:46:03
Stabilität,Stability,6 octo 2025 : Monday 1:46 PM Afternoon (Day),2025-10-06 13:46:03
Stadion,Stadium,6 octo 2025 : Monday 1:46 PM Afternoon (Day),2025-10-06 13:46:03
Statistik,Statistics,6 octo 2025 : Monday 1:46 PM Afternoon (Day),2025-10-06 13:46:03
Sturm,Storm,6 octo 2025 : Monday 1:46 PM Afternoon (Day),2025-10-06 13:46:03
Strategie,Strategy,6 octo 2025 : Monday 1:46 PM Afternoon (Day),2025-10-06 13:46:03
Struktur,Structure,6 octo 2025 : Monday 1:46 PM Afternoon (Day),2025-10-06 13:46:03
Stu,Study,6 octo 2025 : Monday 1:46 PM Afternoon (Day),2025-10-06 13:46:03
Mann,Man,6 octo 2025 : Monday 1:49 PM Afternoon (Day),2025-10-06 13:49:28
Markt,Market,6 octo 2025 : Monday 1:49 PM Afternoon (Day),2025-10-06 13:49:28
Masse,Mass,6 octo 2025 : Monday 1:49 PM Afternoon (Day),2025-10-06 13:49:28
Mathematik,Mathematics,6 octo 2025 : Monday 1:49 PM Afternoon (Day),2025-10-06 13:49:28
Medizin,Medicine,6 octo 2025 : Monday 1:49 PM Afternoon (Day),2025-10-06 13:49:28
Metall,Metal,6 octo 2025 : Monday 1:49 PM Afternoon (Day),2025-10-06 13:49:28
Methode,Method,6 octo 2025 : Monday 1:49 PM Afternoon (Day),2025-10-06 13:49:28
Milligramm,Milligram,6 octo 2025 : Monday 1:49 PM Afternoon (Day),2025-10-06 13:49:28
Ministerium,Ministry,6 octo 2025 : Monday 1:49 PM Afternoon (Day),2025-10-06 13:49:28
Modell,Model,6 octo 2025 : Monday 1:49 PM Afternoon (Day),2025-10-06 13:49:28
Motiv,Motive,6 octo 2025 : Monday 1:49 PM Afternoon (Day),2025-10-06 13:49:28
Musik,Music,6 octo 2025 : Monday 1:49 PM Afternoon (Day),2025-10-06 13:49:28
Mythos,Myth,6 octo 2025 : Monday 1:49 PM Afternoon (Day),2025-10-06 13:49:28
Natur,Nature,6 octo 2025 : Monday 1:49 PM Afternoon (Day),2025-10-06 13:49:28
Nerv,Nerve,6 octo 2025 : Monday 1:49 PM Afternoon (Day),2025-10-06 13:49:28
Netz,Net,6 octo 2025 : Monday 1:49 PM Afternoon (Day),2025-10-06 13:49:28
Netzwerk,Network,6 octo 2025 : Monday 1:49 PM Afternoon (Day),2025-10-06 13:49:28
Nummer,Number,6 octo 2025 : Monday 1:49 PM Afternoon (Day),2025-10-06 13:49:28
Objekt,Object,6 octo 2025 : Monday 1:49 PM Afternoon (Day),2025-10-06 13:49:28
Ozean,Ocean,6 octo 2025 : Monday 1:49 PM Afternoon (Day),2025-10-06 13:49:28
Offizier,Officer,6 octo 2025 : Monday 1:49 PM Afternoon (Day),2025-10-06 13:49:28
Organismus,Organism,6 octo 2025 : Monday 1:49 PM Afternoon (Day),2025-10-06 13:49:28
Organisation,Organization,6 octo 2025 : Monday 1:49 PM Afternoon (Day),2025-10-06 13:49:28
Parlament,Parliament,6 octo 2025 : Monday 1:49 PM Afternoon (Day),2025-10-06 13:49:28
Passagier,Passenger,6 octo 2025 : Monday 1:49 PM Afternoon (Day),2025-10-06 13:49:28
Periode,Period,6 octo 2025 : Monday 1:49 PM Afternoon (Day),2025-10-06 13:49:28
Perspektive,Perspective,6 octo 2025 : Monday 1:49 PM Afternoon (Day),2025-10-06 13:49:28
Hypothese,Hypothesis,6 octo 2025 : Monday 1:50 PM Afternoon (Day),2025-10-06 13:50:20
Idee,Idea,6 octo 2025 : Monday 1:50 PM Afternoon (Day),2025-10-06 13:50:20
Identität,Identity,6 octo 2025 : Monday 1:50 PM Afternoon (Day),2025-10-06 13:50:20
Immunsystem,Immunesystem,6 octo 2025 : Monday 1:50 PM Afternoon (Day),2025-10-06 13:50:20
Impuls,Impulse,6 octo 2025 : Monday 1:50 PM Afternoon (Day),2025-10-06 13:50:20
Individuum,Individual,6 octo 2025 : Monday 1:50 PM Afternoon (Day),2025-10-06 13:50:20
Industrie,Industry,6 octo 2025 : Monday 1:50 PM Afternoon (Day),2025-10-06 13:50:20
Infrastruktur,Infrastructure,6 octo 2025 : Monday 1:50 PM Afternoon (Day),2025-10-06 13:50:20
Institut,Institute,6 octo 2025 : Monday 1:50 PM Afternoon (Day),2025-10-06 13:50:20
Intelligenz,Intelligence,6 octo 2025 : Monday 1:50 PM Afternoon (Day),2025-10-06 13:50:20
Kilogramm,Kilogram,6 octo 2025 : Monday 1:50 PM Afternoon (Day),2025-10-06 13:50:20
Knie,Knee,6 octo 2025 : Monday 1:50 PM Afternoon (Day),2025-10-06 13:50:20
Lampe,Lamp,6 octo 2025 : Monday 1:50 PM Afternoon (Day),2025-10-06 13:50:20
Liste,List,6 octo 2025 : Monday 1:50 PM Afternoon (Day),2025-10-06 13:50:20
Maschine,Machine,6 octo 2025 : Monday 1:50 PM Afternoon (Day),2025-10-06 13:50:20
Magazin,Magazine,6 octo 2025 : Monday 1:50 PM Afternoon (Day),2025-10-06 13:50:20
Mama,Mamma,6 octo 2025 : Monday 1:50 PM Afternoon (Day),2025-10-06 13:50:20
Abenteuer,Adventure,6 octo 2025 : Monday 1:59 PM Afternoon (Day),2025-10-06 13:59:24
Agentur,Agency,6 octo 2025 : Monday 1:59 PM Afternoon (Day),2025-10-06 13:59:24
Auto,Automobile,6 octo 2025 : Monday 1:59 PM Afternoon (Day),2025-10-06 13:59:24
Bad,Bath,6 octo 2025 : Monday 1:59 PM Afternoon (Day),2025-10-06 13:59:24
Bär,Bear,6 octo 2025 : Monday 1:59 PM Afternoon (Day),2025-10-06 13:59:24
Bier,Beer,6 octo 2025 : Monday 1:59 PM Afternoon (Day),2025-10-06 13:59:24
Beginn,Beginning,6 octo 2025 : Monday 1:59 PM Afternoon (Day),2025-10-06 13:59:24
Buch,Book,6 octo 2025 : Monday 1:59 PM Afternoon (Day),2025-10-06 13:59:24
Brust,Breast,6 octo 2025 : Monday 1:59 PM Afternoon (Day),2025-10-06 13:59:24
Bru,Brother,6 octo 2025 : Monday 1:59 PM Afternoon (Day),2025-10-06 13:59:24
Kapitän,Captain,6 octo 2025 : Monday 1:59 PM Afternoon (Day),2025-10-06 13:59:24
Karriere,Career,6 octo 2025 : Monday 1:59 PM Afternoon (Day),2025-10-06 13:59:24
Katze,Cat,6 octo 2025 : Monday 1:59 PM Afternoon (Day),2025-10-06 13:59:24
Zelle,Cell,6 octo 2025 : Monday 1:59 PM Afternoon (Day),2025-10-06 13:59:24
Keller,Cellar,6 octo 2025 : Monday 1:59 PM Afternoon (Day),2025-10-06 13:59:24
Zentrum,Center,6 octo 2025 : Monday 1:59 PM Afternoon (Day),2025-10-06 13:59:24
Chemie,Chemistry,6 octo 2025 : Monday 1:59 PM Afternoon (Day),2025-10-06 13:59:24
City,City,6 octo 2025 : Monday 1:59 PM Afternoon (Day),2025-10-06 13:59:24
Klima,Climate,6 octo 2025 : Monday 1:59 PM Afternoon (Day),2025-10-06 13:59:24
Küste,Coast,6 octo 2025 : Monday 1:59 PM Afternoon (Day),2025-10-06 13:59:24
Kollege,Colleague,6 octo 2025 : Monday 1:59 PM Afternoon (Day),2025-10-06 13:59:24
Kommentar,Comment,6 octo 2025 : Monday 1:59 PM Afternoon (Day),2025-10-06 13:59:24
Komponist,Composer,6 octo 2025 : Monday 1:59 PM Afternoon (Day),2025-10-06 13:59:24
Kompromiss,Compromise,6 octo 2025 : Monday 1:59 PM Afternoon (Day),2025-10-06 13:59:24
Koralle,Coral,6 octo 2025 : Monday 1:59 PM Afternoon (Day),2025-10-06 13:59:24
Kosten,Costs,6 octo 2025 : Monday 1:59 PM Afternoon (Day),2025-10-06 13:59:24
Krise,Crisis,6 octo 2025 : Monday 1:59 PM Afternoon (Day),2025-10-06 13:59:24
Kriterium,Criterion,6 octo 2025 : Monday 1:59 PM Afternoon (Day),2025-10-06 13:59:24
Kritiker,Critic,6 octo 2025 : Monday 1:59 PM Afternoon (Day),2025-10-06 13:59:24
Kritik,Criticism,6 octo 2025 : Monday 1:59 PM Afternoon (Day),2025-10-06 13:59:24
Kreuz,Cross,6 octo 2025 : Monday 1:59 PM Afternoon (Day),2025-10-06 13:59:24
Daten,Data,6 octo 2025 : Monday 1:59 PM Afternoon (Day),2025-10-06 13:59:24
Datum,Date,6 octo 2025 : Monday 1:59 PM Afternoon (Day),2025-10-06 13:59:24
Differenzierung,Differentiation,6 octo 2025 : Monday 1:59 PM Afternoon (Day),2025-10-06 13:59:24
Dutzend,Dozen,6 octo 2025 : Monday 1:59 PM Afternoon (Day),2025-10-06 13:59:24
Droge,Drug,6 octo 2025 : Monday 1:59 PM Afternoon (Day),2025-10-06 13:59:24
Ingenieur,Engineer,6 octo 2025 : Monday 1:59 PM Afternoon (Day),2025-10-06 13:59:24
Europäer,European,6 octo 2025 : Monday 1:59 PM Afternoon (Day),2025-10-06 13:59:24
Fassade,Facade,6 octo 2025 : Monday 1:59 PM Afternoon (Day),2025-10-06 13:59:24
Fakten,Facts,6 octo 2025 : Monday 1:59 PM Afternoon (Day),2025-10-06 13:59:24
Fest,Festival,6 octo 2025 : Monday 1:59 PM Afternoon (Day),2025-10-06 13:59:24
Feld,Field,6 octo 2025 : Monday 1:59 PM Afternoon (Day),2025-10-06 13:59:24
Finanzierung,Financing,6 octo 2025 : Monday 1:59 PM Afternoon (Day),2025-10-06 13:59:24
Feuer,Fire,6 octo 2025 : Monday 1:59 PM Afternoon (Day),2025-10-06 13:59:24
Firma,Firm,6 octo 2025 : Monday 1:59 PM Afternoon (Day),2025-10-06 13:59:24
Fleisch,Flesh,6 octo 2025 : Monday 1:59 PM Afternoon (Day),2025-10-06 13:59:24
Flucht,Flight,6 octo 2025 : Monday 1:59 PM Afternoon (Day),2025-10-06 13:59:24
Formel,Formula,6 octo 2025 : Monday 1:59 PM Afternoon (Day),2025-10-06 13:59:24
Formulierung,Formulation,6 octo 2025 : Monday 1:59 PM Afternoon (Day),2025-10-06 13:59:24
Frucht,Fruit,6 octo 2025 : Monday 1:59 PM Afternoon (Day),2025-10-06 13:59:24
Gen,Gene,6 octo 2025 : Monday 1:59 PM Afternoon (Day),2025-10-06 13:59:24
Gott,God,6 octo 2025 : Monday 1:59 PM Afternoon (Day),2025-10-06 13:59:24
Grab,Grave,6 octo 2025 : Monday 1:59 PM Afternoon (Day),2025-10-06 13:59:24
Gruppe,Group,6 octo 2025 : Monday 1:59 PM Afternoon (Day),2025-10-06 13:59:24
Gast,Guest,6 octo 2025 : Monday 1:59 PM Afternoon (Day),2025-10-06 13:59:24
Haar,Hair,6 octo 2025 : Monday 1:59 PM Afternoon (Day),2025-10-06 13:59:24
Halle,Hall,6 octo 2025 : Monday 1:59 PM Afternoon (Day),2025-10-06 13:59:24
Herz,Heart,6 octo 2025 : Monday 1:59 PM Afternoon (Day),2025-10-06 13:59:24
Hitze,Heat,6 octo 2025 : Monday 1:59 PM Afternoon (Day),2025-10-06 13:59:24
Helfer,Helper,6 octo 2025 : Monday 1:59 PM Afternoon (Day),2025-10-06 13:59:24
Heim,Home,6 octo 2025 : Monday 1:59 PM Afternoon (Day),2025-10-06 13:59:24
Haushalt,Household,6 octo 2025 : Monday 1:59 PM Afternoon (Day),2025-10-06 13:59:24
Hütte,Hut,6 octo 2025 : Monday 1:59 PM Afternoon (Day),2025-10-06 13:59:24
Eisice,Icecream,6 octo 2025 : Monday 1:59 PM Afternoon (Day),2025-10-06 13:59:24
Einkommen,Income,6 octo 2025 : Monday 1:59 PM Afternoon (Day),2025-10-06 13:59:24
Interesse,Interest,6 octo 2025 : Monday 1:59 PM Afternoon (Day),2025-10-06 13:59:24
Investition,Investment,6 octo 2025 : Monday 1:59 PM Afternoon (Day),2025-10-06 13:59:24
Leiter,Lea,6 octo 2025 : Monday 1:59 PM Afternoon (Day),2025-10-06 13:59:24
Liga,League,6 octo 2025 : Monday 1:59 PM Afternoon (Day),2025-10-06 13:59:24
Linse,Lens,6 octo 2025 : Monday 1:59 PM Afternoon (Day),2025-10-06 13:59:24
Linie,Line,6 octo 2025 : Monday 1:59 PM Afternoon (Day),2025-10-06 13:59:24
Lippe,Lip,6 octo 2025 : Monday 1:59 PM Afternoon (Day),2025-10-06 13:59:24
Glück,Luck,6 octo 2025 : Monday 1:59 PM Afternoon (Day),2025-10-06 13:59:24
Meister,Master,6 octo 2025 : Monday 1:59 PM Afternoon (Day),2025-10-06 13:59:25
Materie,Matter,6 octo 2025 : Monday 1:59 PM Afternoon (Day),2025-10-06 13:59:25
Men,Media,6 octo 2025 : Monday 1:59 PM Afternoon (Day),2025-10-06 13:59:25
Medikament,Medicine,6 octo 2025 : Monday 1:59 PM Afternoon (Day),2025-10-06 13:59:25
Militär,Military,6 octo 2025 : Monday 1:59 PM Afternoon (Day),2025-10-06 13:59:25
Monat,Month,6 octo 2025 : Monday 1:59 PM Afternoon (Day),2025-10-06 13:59:25
Maus,Mouse,6 octo 2025 : Monday 1:59 PM Afternoon (Day),2025-10-06 13:59:25
Mör,Mur,6 octo 2025 : Monday 1:59 PM Afternoon (Day),2025-10-06 13:59:25
Musiker,Musician,6 octo 2025 : Monday 1:59 PM Afternoon (Day),2025-10-06 13:59:25
Nacken,Neck,6 octo 2025 : Monday 1:59 PM Afternoon (Day),2025-10-06 13:59:25
Orientierung,Orientation,6 octo 2025 : Monday 1:59 PM Afternoon (Day),2025-10-06 13:59:25
Ofen,Oven,6 octo 2025 : Monday 1:59 PM Afternoon (Day),2025-10-06 13:59:25
Paket,Package,6 octo 2025 : Monday 1:59 PM Afternoon (Day),2025-10-06 13:59:25
Paar,Pair,6 octo 2025 : Monday 1:59 PM Afternoon (Day),2025-10-06 13:59:25
Papier,Paper,6 octo 2025 : Monday 1:59 PM Afternoon (Day),2025-10-06 13:59:25
Partnerschaft,Partnership,6 octo 2025 : Monday 1:59 PM Afternoon (Day),2025-10-06 13:59:25
Pass,Passport,6 octo 2025 : Monday 1:59 PM Afternoon (Day),2025-10-06 13:59:25
Prozent,Percent,6 octo 2025 : Monday 1:59 PM Afternoon (Day),2025-10-06 13:59:25
Foto,Photograph,6 octo 2025 : Monday 1:59 PM Afternoon (Day),2025-10-06 13:59:25
Physiker,Physicist,6 octo 2025 : Monday 1:59 PM Afternoon (Day),2025-10-06 13:59:25
Planung,Planning,6 octo 2025 : Monday 1:59 PM Afternoon (Day),2025-10-06 13:59:25
Politiker,Politician,6 octo 2025 : Monday 1:59 PM Afternoon (Day),2025-10-06 13:59:25
Praxis,Practice,6 octo 2025 : Monday 1:59 PM Afternoon (Day),2025-10-06 13:59:25
Preis,Price,6 octo 2025 : Monday 1:59 PM Afternoon (Day),2025-10-06 13:59:25
Priester,Priest,6 octo 2025 : Monday 1:59 PM Afternoon (Day),2025-10-06 13:59:25
Prinz,Prince,6 octo 2025 : Monday 1:59 PM Afternoon (Day),2025-10-06 13:59:25
Prinzip,Principle,6 octo 2025 : Monday 1:59 PM Afternoon (Day),2025-10-06 13:59:25
Problematik,Problematic,6 octo 2025 : Monday 1:59 PM Afternoon (Day),2025-10-06 13:59:25
Riff,Reef,6 octo 2025 : Monday 1:59 PM Afternoon (Day),2025-10-06 13:59:25
Rhythmus,Rhythm,6 octo 2025 : Monday 1:59 PM Afternoon (Day),2025-10-06 13:59:25
Recht,Right,6 octo 2025 : Monday 1:59 PM Afternoon (Day),2025-10-06 13:59:25
Rolle,Role,6 octo 2025 : Monday 1:59 PM Afternoon (Day),2025-10-06 13:59:25
Raum,Room,6 octo 2025 : Monday 1:59 PM Afternoon (Day),2025-10-06 13:59:25
Skala,Scale,6 octo 2025 : Monday 1:59 PM Afternoon (Day),2025-10-06 13:59:25
Saison,Season,6 octo 2025 : Monday 1:59 PM Afternoon (Day),2025-10-06 13:59:25
Sitz,Seat,6 octo 2025 : Monday 1:59 PM Afternoon (Day),2025-10-06 13:59:25
Sekunde,Second,6 octo 2025 : Monday 1:59 PM Afternoon (Day),2025-10-06 13:59:25
Sekretärin,Secretary,6 octo 2025 : Monday 1:59 PM Afternoon (Day),2025-10-06 13:59:25
Schuh,Shoe,6 octo 2025 : Monday 1:59 PM Afternoon (Day),2025-10-06 13:59:25
Sänger,Singer,6 octo 2025 : Monday 1:59 PM Afternoon (Day),2025-10-06 13:59:25
Seele,Soul,6 octo 2025 : Monday 1:59 PM Afternoon (Day),2025-10-06 13:59:25
Stein,Stone,6 octo 2025 : Monday 1:59 PM Afternoon (Day),2025-10-06 13:59:25
Stil,Style,6 octo 2025 : Monday 1:59 PM Afternoon (Day),2025-10-06 13:59:25
Zucker,Sugar,6 octo 2025 : Monday 1:59 PM Afternoon (Day),2025-10-06 13:59:25
Summe,Sum,6 octo 2025 : Monday 1:59 PM Afternoon (Day),2025-10-06 13:59:25
Sonne,Sun,6 octo 2025 : Monday 1:59 PM Afternoon (Day),2025-10-06 13:59:25
These,Thesis,6 octo 2025 : Monday 1:59 PM Afternoon (Day),2025-10-06 13:59:25
Ding,Thing,6 octo 2025 : Monday 1:59 PM Afternoon (Day),2025-10-06 13:59:25
Tonne,Ton,6 octo 2025 : Monday 1:59 PM Afternoon (Day),2025-10-06 13:59:25
Ton,Tone,6 octo 2025 : Monday 1:59 PM Afternoon (Day),2025-10-06 13:59:25
Transport,Transportation,6 octo 2025 : Monday 1:59 PM Afternoon (Day),2025-10-06 13:59:25
Truppe,Troops,6 octo 2025 : Monday 1:59 PM Afternoon (Day),2025-10-06 13:59:25
Typ,Type,6 octo 2025 : Monday 1:59 PM Afternoon (Day),2025-10-06 13:59:25
Wärme,Warmth,6 octo 2025 : Monday 1:59 PM Afternoon (Day),2025-10-06 13:59:25
Wasser,Water,6 octo 2025 : Monday 1:59 PM Afternoon (Day),2025-10-06 13:59:25
Wetter,Weather,6 octo 2025 : Monday 1:59 PM Afternoon (Day),2025-10-06 13:59:25
Weile,While,6 octo 2025 : Monday 1:59 PM Afternoon (Day),2025-10-06 13:59:25
Wein,Wine,6 octo 2025 : Monday 1:59 PM Afternoon (Day),2025-10-06 13:59:25
Wort,Word,6 octo 2025 : Monday 1:59 PM Afternoon (Day),2025-10-06 13:59:25
Welt,World,6 octo 2025 : Monday 1:59 PM Afternoon (Day),2025-10-06 13:59:25
Wunde,Wound,6 octo 2025 : Monday 1:59 PM Afternoon (Day),2025-10-06 13:59:25
Jahr,Year,6 octo 2025 : Monday 1:59 PM Afternoon (Day),2025-10-06 13:59:25
Kappe,Cap,6 octo 2025 : Monday 2:03 PM Afternoon (Day),2025-10-06 14:03:21
